condition,error_type,gold_count,system_count
baseline,M:ADJ,26,16
baseline,M:ADV,51,68
baseline,M:CONJ,36,87
baseline,M:DET,477,582
baseline,M:NOUN,84,100
baseline,M:OTHER,161,190
baseline,M:PART,12,10
baseline,M:PREP,207,286
baseline,M:PRON,89,81
baseline,M:PUNCT,45,4
baseline,M:VERB,93,112
baseline,M:VERB:FORM,23,34
baseline,M:VERB:TENSE,77,85
baseline,R:ADJ,167,193
baseline,R:ADJ:FORM,16,15
baseline,R:ADV,64,57
baseline,R:CONJ,12,20
baseline,R:CONTR,7,4
baseline,R:DET,226,285
baseline,R:MORPH,183,266
baseline,R:NOUN,1492,2263
baseline,R:NOUN:INFL,8,9
baseline,R:NOUN:NUM,230,290
baseline,R:NOUN:POSS,2,0
baseline,R:ORTH,649,1019
baseline,R:OTHER,1639,2314
baseline,R:PART,43,66
baseline,R:PREP,643,654
baseline,R:PRON,114,131
baseline,R:PUNCT,12,13
baseline,R:SPELL,356,432
baseline,R:VERB,504,405
baseline,R:VERB:FORM,225,299
baseline,R:VERB:INFL,3,2
baseline,R:VERB:SVA,209,268
baseline,R:VERB:TENSE,439,317
baseline,R:WO,108,129
baseline,U:ADJ,25,26
baseline,U:ADV,57,85
baseline,U:CONJ,10,55
baseline,U:CONTR,1,2
baseline,U:DET,388,449
baseline,U:NOUN,67,73
baseline,U:OTHER,124,214
baseline,U:PART,12,14
baseline,U:PREP,145,172
baseline,U:PRON,41,73
baseline,U:PUNCT,14,49
baseline,U:VERB,44,76
baseline,U:VERB:FORM,20,61
baseline,U:VERB:TENSE,48,49
fewshot,M:ADJ,26,13
fewshot,M:ADV,51,36
fewshot,M:CONJ,36,35
fewshot,M:DET,477,565
fewshot,M:NOUN,84,54
fewshot,M:OTHER,161,87
fewshot,M:PART,12,6
fewshot,M:PREP,207,207
fewshot,M:PRON,89,71
fewshot,M:PUNCT,45,3
fewshot,M:VERB,93,95
fewshot,M:VERB:FORM,23,32
fewshot,M:VERB:TENSE,77,77
fewshot,R:ADJ,167,107
fewshot,R:ADJ:FORM,16,12
fewshot,R:ADV,64,34
fewshot,R:CONJ,12,10
fewshot,R:CONTR,7,4
fewshot,R:DET,226,170
fewshot,R:MORPH,183,205
fewshot,R:NOUN,1492,1566
fewshot,R:NOUN:INFL,8,9
fewshot,R:NOUN:NUM,230,290
fewshot,R:NOUN:POSS,2,0
fewshot,R:ORTH,649,982
fewshot,R:OTHER,1639,1485
fewshot,R:PART,43,34
fewshot,R:PREP,643,506
fewshot,R:PRON,114,93
fewshot,R:PUNCT,12,14
fewshot,R:SPELL,356,431
fewshot,R:VERB,504,195
fewshot,R:VERB:FORM,225,259
fewshot,R:VERB:INFL,3,3
fewshot,R:VERB:SVA,209,294
fewshot,R:VERB:TENSE,439,261
fewshot,R:WO,108,98
fewshot,U:ADJ,25,13
fewshot,U:ADV,57,29
fewshot,U:CONJ,10,21
fewshot,U:CONTR,1,1
fewshot,U:DET,388,294
fewshot,U:NOUN,67,32
fewshot,U:OTHER,124,78
fewshot,U:PART,12,9
fewshot,U:PREP,145,130
fewshot,U:PRON,41,39
fewshot,U:PUNCT,14,36
fewshot,U:VERB,44,53
fewshot,U:VERB:FORM,20,51
fewshot,U:VERB:TENSE,48,39
instruction,M:ADJ,26,9
instruction,M:ADV,51,20
instruction,M:CONJ,36,16
instruction,M:DET,477,427
instruction,M:NOUN,84,35
instruction,M:OTHER,161,53
instruction,M:PART,12,2
instruction,M:PREP,207,144
instruction,M:PRON,89,51
instruction,M:PUNCT,45,2
instruction,M:VERB,93,63
instruction,M:VERB:FORM,23,30
instruction,M:VERB:TENSE,77,56
instruction,R:ADJ,167,101
instruction,R:ADJ:FORM,16,8
instruction,R:ADV,64,26
instruction,R:CONJ,12,7
instruction,R:CONTR,7,3
instruction,R:DET,226,129
instruction,R:MORPH,183,151
instruction,R:NOUN,1492,1591
instruction,R:NOUN:INFL,8,9
instruction,R:NOUN:NUM,230,188
instruction,R:NOUN:POSS,2,0
instruction,R:ORTH,649,973
instruction,R:OTHER,1639,1400
instruction,R:PART,43,24
instruction,R:PREP,643,345
instruction,R:PRON,114,69
instruction,R:PUNCT,12,12
instruction,R:SPELL,356,434
instruction,R:VERB,504,135
instruction,R:VERB:FORM,225,212
instruction,R:VERB:INFL,3,2
instruction,R:VERB:SVA,209,260
instruction,R:VERB:TENSE,439,166
instruction,R:WO,108,63
instruction,U:ADJ,25,5
instruction,U:ADV,57,13
instruction,U:CONJ,10,18
instruction,U:CONTR,1,0
instruction,U:DET,388,208
instruction,U:NOUN,67,28
instruction,U:OTHER,124,54
instruction,U:PART,12,5
instruction,U:PREP,145,95
instruction,U:PRON,41,33
instruction,U:PUNCT,14,29
instruction,U:VERB,44,36
instruction,U:VERB:FORM,20,40
instruction,U:VERB:TENSE,48,22
role,M:ADJ,26,10
role,M:ADV,51,22
role,M:CONJ,36,28
role,M:DET,477,489
role,M:NOUN,84,54
role,M:OTHER,161,73
role,M:PART,12,2
role,M:PREP,207,176
role,M:PRON,89,65
role,M:PUNCT,45,2
role,M:VERB,93,64
role,M:VERB:FORM,23,31
role,M:VERB:TENSE,77,62
role,R:ADJ,167,102
role,R:ADJ:FORM,16,8
role,R:ADV,64,26
role,R:CONJ,12,8
role,R:CONTR,7,4
role,R:DET,226,160
role,R:MORPH,183,190
role,R:NOUN,1492,1551
role,R:NOUN:INFL,8,9
role,R:NOUN:NUM,230,224
role,R:NOUN:POSS,2,0
role,R:ORTH,649,964
role,R:OTHER,1639,1420
role,R:PART,43,28
role,R:PREP,643,454
role,R:PRON,114,78
role,R:PUNCT,12,12
role,R:SPELL,356,437
role,R:VERB,504,172
role,R:VERB:FORM,225,239
role,R:VERB:INFL,3,2
role,R:VERB:SVA,209,280
role,R:VERB:TENSE,439,227
role,R:WO,108,90
role,U:ADJ,25,12
role,U:ADV,57,28
role,U:CONJ,10,16
role,U:CONTR,1,1
role,U:DET,388,258
role,U:NOUN,67,37
role,U:OTHER,124,87
role,U:PART,12,9
role,U:PREP,145,116
role,U:PRON,41,35
role,U:PUNCT,14,36
role,U:VERB,44,48
role,U:VERB:FORM,20,47
role,U:VERB:TENSE,48,35
