sentence_id,oci_baseline,oci_fewshot,oci_instruction,oci_role
A.dev.gold.bea19_000054,0.29635646952789374,0.26933542310775216,0.26933542310775216,0.26933542310775216
A.dev.gold.bea19_000075,0.09459730946655552,0.03125,0.03125,0.03125
A.dev.gold.bea19_000222,0.3497014096775776,0.3497014096775776,0.3497014096775776,0.3497014096775776
A.dev.gold.bea19_000283,0.34869945326550406,0.2482346215925395,0.2615593142904262,0.2482346215925395
A.dev.gold.bea19_000426,0.2704334608909926,0.20982142857142863,0.32058974318936534,0.32058974318936534
A.dev.gold.bea19_000465,0.046875,0.046875,0.046875,0.046875
A.dev.gold.bea19_000727,0.03125,0.03125,0.03125,0.03125
A.dev.gold.bea19_000852,0.03125,0.03125,0.03125,0.03125
A.dev.gold.bea19_000943,0.07392755925798694,0.07392755925798694,0.015625,0.07392755925798694
A.dev.gold.bea19_001026,0.15224725570719216,0.15224725570719216,0.15224725570719216,0.15224725570719216
B.dev.gold.bea19_000188,0.046875,0.046875,0.03125,0.046875
B.dev.gold.bea19_000520,0.046875,0.046875,0.046875,0.046875
B.dev.gold.bea19_000601,0.15214713075199157,0.14389875840408298,0.14389875840408298,0.14389875840408298
B.dev.gold.bea19_000729,0.1439904671934043,0.1439904671934043,0.078125,0.1439904671934043
B.dev.gold.bea19_001061,0.23262283427156175,0.22026685832936255,0.22026685832936255,0.22026685832936255
B.dev.gold.bea19_001215,0.09375,0.09375,0.09375,0.09375
C.dev.gold.bea19_000058,0.03125,0.03125,0.03125,0.03125
C.dev.gold.bea19_000173,0.07254809343868088,0.07254809343868088,0.07254809343868088,0.07254809343868088
C.dev.gold.bea19_000430,0.06690607590399235,0.05128107590399235,0.03125,0.05128107590399235
C.dev.gold.bea19_000478,0.109375,0.109375,0.109375,0.109375
C.dev.gold.bea19_000730,0.16651100709950756,0.15088600709950756,0.0625,0.16651100709950756
C.dev.gold.bea19_000742,0.14147087273318992,0.16418380397202795,0.14855880397202795,0.14855880397202795
C.dev.gold.bea19_000787,0.046875,0.046875,0.046875,0.046875
C.dev.gold.bea19_001054,0.0625,0.0625,0.0625,0.0625
A.train.gold.bea19_000184,0.03634561433642509,0.03634561433642509,0.03634561433642509,0.03634561433642509
A.train.gold.bea19_000231,0.050224364479560295,0.050224364479560295,0.050224364479560295,0.050224364479560295
A.train.gold.bea19_000468,0.28352341041816315,0.21474718599847423,0.09375,0.09375
A.train.gold.bea19_000898,0.2054603459463444,0.2054603459463444,0.1423610576410523,0.1423610576410523
A.train.gold.bea19_001516,0.279132918833438,0.19292002012072437,0.19292002012072437,0.18930074348530207
A.train.gold.bea19_001721,0.03125,0.03125,0.03125,0.03125
A.train.gold.bea19_002065,0.015625,0.015625,0.015625,0.015625
A.train.gold.bea19_002165,0.046875,0.06584936447956029,0.046875,0.06584936447956029
A.train.gold.bea19_002212,0.17577268253045478,0.16602424025775098,0.17860553801231402,0.1916652658987767
A.train.gold.bea19_002242,0.20856337984794693,0.18555825126913233,0.16993325126913233,0.18555825126913233
A.train.gold.bea19_002442,0.24544188599388705,0.24544188599388705,0.24544188599388705,0.24544188599388705
A.train.gold.bea19_002581,0.16963683910075275,0.1536430553797755,0.078125,0.1536430553797755
A.train.gold.bea19_002869,0.109375,0.109375,0.109375,0.109375
A.train.gold.bea19_003081,0.15836043143562026,0.15836043143562026,0.15836043143562026,0.15836043143562026
A.train.gold.bea19_003129,0.046875,0.046875,0.046875,0.046875
A.train.gold.bea19_003171,0.283714456918897,0.20146217733471106,0.20146217733471106,0.20146217733471106
A.train.gold.bea19_003686,0.10626819862263012,0.0801693079327231,0.0801693079327231,0.078125
A.train.gold.bea19_003978,0.06376495763197068,0.06376495763197068,0.06376495763197068,0.06376495763197068
A.train.gold.bea19_004039,0.19402155667544257,0.125,0.125,0.125
A.train.gold.bea19_004173,0.14484748940799266,0.125,0.12922248940799266,0.12922248940799266
A.train.gold.bea19_004193,0.11570873411198898,0.11570873411198898,0.11570873411198898,0.11570873411198898
A.train.gold.bea19_004446,0.15102459510267036,0.07289959510267037,0.05148135208144651,0.05148135208144651
A.train.gold.bea19_004659,0.17578125,0.14453125,0.16015625,0.14453125
A.train.gold.bea19_004742,0.18598260386413087,0.17035760386413087,0.17035760386413087,0.17035760386413087
A.train.gold.bea19_004781,0.046875,0.046875,0.046875,0.046875
A.train.gold.bea19_004970,0.03125,0.03125,0.03125,0.03125
A.train.gold.bea19_005021,0.078125,0.078125,0.078125,0.078125
A.train.gold.bea19_005139,0.078125,0.078125,0.078125,0.078125
A.train.gold.bea19_005536,0.2300660898543928,0.17911355327084458,0.15986927663542227,0.15986927663542227
A.train.gold.bea19_005546,0.26174583853968075,0.140625,0.140625,0.140625
A.train.gold.bea19_005594,0.14286465745693663,0.11161465745693663,0.14286465745693663,0.12723965745693663
A.train.gold.bea19_005622,0.046875,0.046875,0.046875,0.046875
A.train.gold.bea19_006064,0.08281707056827288,0.08281707056827288,0.08281707056827288,0.08281707056827288
A.train.gold.bea19_006295,0.10008373411198898,0.078125,0.078125,0.078125
A.train.gold.bea19_006419,0.06376495763197068,0.06376495763197068,0.046875,0.06376495763197068
A.train.gold.bea19_006456,0.23810870410740004,0.2736454510115894,0.2736454510115894,0.2736454510115894
A.train.gold.bea19_006556,0.046875,0.046875,0.046875,0.046875
A.train.gold.bea19_006629,0.13689014631023388,0.13689014631023388,0.13689014631023388,0.13689014631023388
A.train.gold.bea19_006649,0.23816327845119498,0.23816327845119498,0.23256041810403302,0.20691327845119498
A.train.gold.bea19_006680,0.0625,0.0625,0.0625,0.0625
A.train.gold.bea19_006908,0.078125,0.0625,0.0625,0.078125
A.train.gold.bea19_006953,0.109375,0.1656249999999999,0.1656249999999999,0.1656249999999999
A.train.gold.bea19_007290,0.03125,0.03125,0.03125,0.03125
A.train.gold.bea19_007356,0.07052669415985797,0.07052669415985797,0.07052669415985797,0.07052669415985797
A.train.gold.bea19_007639,0.11890320582028766,0.0930178632772243,0.0887381197755639,0.0887381197755639
A.train.gold.bea19_007798,0.13003836024275733,0.11109262281003095,0.11109262281003095,0.11109262281003095
A.train.gold.bea19_007871,0.2696451978882279,0.2137162808903054,0.2137162808903054,0.2137162808903054
A.train.gold.bea19_007945,0.33068651654940723,0.078125,0.0625,0.0625
A.train.gold.bea19_007980,0.046875,0.046875,0.046875,0.046875
A.train.gold.bea19_008035,0.10252758065901309,0.10252758065901309,0.10252758065901309,0.10252758065901309
A.train.gold.bea19_008063,0.2950858811405016,0.25570494413991907,0.19899298761817982,0.19899298761817982
A.train.gold.bea19_008080,0.046875,0.046875,0.046875,0.046875
A.train.gold.bea19_008135,0.03125,0.03125,0.03125,0.03125
A.train.gold.bea19_008251,0.0625,0.0625,0.0625,0.0625
A.train.gold.bea19_008269,0.24484684143091906,0.211983592304268,0.18665540540540548,0.18665540540540548
A.train.gold.bea19_008322,0.19899782564566992,0.19899782564566992,0.1367587150687795,0.19899782564566992
A.train.gold.bea19_008472,0.28945522729875195,0.2552504022467095,0.24073648950194823,0.24073648950194823
A.train.gold.bea19_008509,0.078125,0.078125,0.078125,0.078125
A.train.gold.bea19_008566,0.3555458782689546,0.2526942467630805,0.17461391204842766,0.2526942467630805
A.train.gold.bea19_008826,0.03125,0.03125,0.03125,0.03125
A.train.gold.bea19_008844,0.04774812492843238,0.04774812492843238,0.03125,0.03125
A.train.gold.bea19_009119,0.14168730550447586,0.08347346904237471,0.10491991583648232,0.10491991583648232
A.train.gold.bea19_009286,0.041355347532348555,0.03803461009962212,0.03803461009962212,0.03803461009962212
A.train.gold.bea19_009292,0.08938509731187,0.08938509731187,0.08938509731187,0.08938509731187
A.train.gold.bea19_009422,0.16338951391274467,0.109375,0.109375,0.109375
A.train.gold.bea19_009464,0.2052863745666906,0.1740363745666906,0.1740363745666906,0.1740363745666906
A.train.gold.bea19_009709,0.5057437892320665,0.4901187892320665,0.4901187892320665,0.4901187892320665
A.train.gold.bea19_010078,0.11420070218056301,0.11420070218056301,0.11420070218056301,0.11420070218056301
A.train.gold.bea19_010190,0.20535714285714296,0.1814593352799725,0.1814593352799725,0.1814593352799725
A.train.gold.bea19_010359,0.10219497881598535,0.10219497881598535,0.10219497881598535,0.10219497881598535
B.train.gold.bea19_000273,0.2400049858773236,0.16187998587732358,0.16187998587732358,0.16187998587732358
B.train.gold.bea19_000320,0.0896731506927745,0.06812253091721059,0.046875,0.06812253091721059
B.train.gold.bea19_000449,0.2829962498568647,0.2829962498568647,0.2829962498568647,0.2829962498568647
B.train.gold.bea19_000612,0.03125,0.03125,0.03125,0.03125
B.train.gold.bea19_000668,0.03125,0.02916559315241038,0.015625,0.03125
B.train.gold.bea19_000692,0.05658493644795602,0.03125,0.03125,0.03125
B.train.gold.bea19_001266,0.09375,0.09375,0.09375,0.09375
B.train.gold.bea19_001307,0.05558989097184734,0.05558989097184734,0.03125,0.05558989097184734
B.train.gold.bea19_001393,0.234375,0.1875,0.15625,0.15625
B.train.gold.bea19_001817,0.0625,0.0625,0.0625,0.0625
B.train.gold.bea19_001882,0.15819619876859659,0.17382119876859659,0.17382119876859659,0.17382119876859659
B.train.gold.bea19_002488,0.03125,0.03125,0.03125,0.03125
B.train.gold.bea19_002545,0.03125,0.03125,0.03125,0.03125
B.train.gold.bea19_002568,0.2494754560413026,0.18749999999999994,0.18749999999999994,0.18749999999999994
B.train.gold.bea19_002608,0.07019406935672826,0.04762590945925709,0.03125,0.04762590945925709
B.train.gold.bea19_002670,0.19277678729434997,0.19277678729434997,0.19277678729434997,0.19277678729434997
B.train.gold.bea19_002696,0.2250314999754626,0.1786029285468911,0.18657957821158117,0.1786029285468911
B.train.gold.bea19_002892,0.12192284806399385,0.12192284806399385,0.12192284806399385,0.12192284806399385
B.train.gold.bea19_003013,0.03125,0.03125,0.03125,0.03125
B.train.gold.bea19_003201,0.19172248940799266,0.19172248940799266,0.1875,0.19172248940799266
B.train.gold.bea19_003305,0.10716137821299274,0.10716137821299274,0.09153637821299274,0.09153637821299274
B.train.gold.bea19_003361,0.29458219955161,0.29458219955161,0.29458219955161,0.29458219955161
B.train.gold.bea19_004046,0.08488098305278827,0.0625,0.0625,0.0625
B.train.gold.bea19_004729,0.13380142808925866,0.18925421988694924,0.0625,0.04736426225497849
B.train.gold.bea19_004749,0.0625,0.046875,0.046875,0.046875
B.train.gold.bea19_005100,0.01589491215586199,0.01589491215586199,0.015625,0.01589491215586199
B.train.gold.bea19_005169,0.11861584374917424,0.11861584374917424,0.11861584374917424,0.11861584374917424
B.train.gold.bea19_005223,0.0625,0.078125,0.0625,0.078125
B.train.gold.bea19_005256,0.03125,0.03125,0.03125,0.03125
B.train.gold.bea19_005259,0.109375,0.09375,0.109375,0.109375
B.train.gold.bea19_005438,0.0,0.21679620405358985,0.0,0.015625
B.train.gold.bea19_005454,0.2269004215709318,0.2269004215709318,0.21275936946403423,0.2269004215709318
B.train.gold.bea19_005616,0.15993736811110554,0.14431236811110554,0.14431236811110554,0.14431236811110554
B.train.gold.bea19_005645,0.046875,0.046875,0.046875,0.046875
B.train.gold.bea19_005796,0.0625,0.0625,0.0625,0.09616244177498903
B.train.gold.bea19_006098,0.0625,0.0625,0.0625,0.0625
B.train.gold.bea19_006137,0.125,0.125,0.125,0.125
B.train.gold.bea19_006142,0.06980343600061908,0.07704198927146369,0.06980343600061908,0.06980343600061908
B.train.gold.bea19_006227,0.03125,0.03125,0.03125,0.03125
B.train.gold.bea19_006401,0.13324837234790857,0.109375,0.109375,0.109375
B.train.gold.bea19_006756,0.31738270067559826,0.09822118687736173,0.09822118687736173,0.09822118687736173
B.train.gold.bea19_006837,0.078125,0.11537901187613492,0.11537901187613492,0.078125
B.train.gold.bea19_006913,0.13541666666666674,0.11979166666666673,0.11979166666666673,0.11979166666666673
B.train.gold.bea19_007194,0.03125,0.03125,0.03125,0.03125
B.train.gold.bea19_007821,0.03125,0.03125,0.03125,0.03125
B.train.gold.bea19_007860,0.1325431034482758,0.11691810344827581,0.11691810344827581,0.11691810344827581
B.train.gold.bea19_007981,0.21700824066028554,0.20138324066028554,0.21700824066028554,0.20138324066028554
B.train.gold.bea19_008169,0.11942820541132985,0.11942820541132985,0.11942820541132985,0.11942820541132985
B.train.gold.bea19_008175,0.17283905790072807,0.17283905790072807,0.17283905790072807,0.10567232303433227
B.train.gold.bea19_008206,0.03125,0.03125,0.03125,0.03125
B.train.gold.bea19_008265,0.03125,0.03125,0.03125,0.03125
B.train.gold.bea19_008317,0.16588763210540144,0.16588763210540144,0.16588763210540144,0.16588763210540144
B.train.gold.bea19_008334,0.046875,0.046875,0.046875,0.046875
B.train.gold.bea19_008391,0.12620097277431525,0.11479856980278476,0.07821489897163611,0.07821489897163611
B.train.gold.bea19_008392,0.08507663628831814,0.05860437112552574,0.05860437112552574,0.05860437112552574
B.train.gold.bea19_008597,0.19596255498076937,0.07383882508410158,0.07812500000000001,0.07383882508410158
B.train.gold.bea19_008806,0.078125,0.078125,0.078125,0.078125
B.train.gold.bea19_008930,0.11876098773415236,0.11876098773415236,0.11876098773415236,0.11876098773415236
B.train.gold.bea19_009028,0.131056547225819,0.131056547225819,0.131056547225819,0.131056547225819
B.train.gold.bea19_009206,0.078125,0.078125,0.078125,0.078125
B.train.gold.bea19_009219,0.13006698728959118,0.11322609114249035,0.11322609114249035,0.11322609114249035
B.train.gold.bea19_009371,0.11599162281380593,0.11599162281380593,0.11599162281380593,0.11599162281380593
B.train.gold.bea19_009404,0.11445612189396541,0.1171875,0.1171875,0.1171875
B.train.gold.bea19_009832,0.11607142857142863,0.11607142857142863,0.11607142857142863,0.11607142857142863
B.train.gold.bea19_009858,0.15851488170806388,0.11459741348408588,0.078125,0.078125
B.train.gold.bea19_010027,0.1959449788159854,0.1959449788159854,0.1959449788159854,0.19566651572405613
B.train.gold.bea19_010072,0.262667468223978,0.2353066570152623,0.2353066570152623,0.2353066570152623
B.train.gold.bea19_010295,0.0625,0.046875,0.046875,0.046875
B.train.gold.bea19_010306,0.2350690092713881,0.20859249068519936,0.20859249068519936,0.21514423076923073
B.train.gold.bea19_010527,0.0625,0.046875,0.046875,0.046875
B.train.gold.bea19_010778,0.18849376748294644,0.17286876748294644,0.17286876748294644,0.17286876748294644
B.train.gold.bea19_010785,0.10161024779068405,0.10161024779068405,0.078125,0.09989586911714188
B.train.gold.bea19_010827,0.18252873439825945,0.18252873439825945,0.06842561977556391,0.08833036327722432
B.train.gold.bea19_010881,0.08078041419247191,0.08078041419247191,0.056980347532348555,0.08078041419247191
B.train.gold.bea19_010955,0.03125,0.03125,0.03125,0.03125
B.train.gold.bea19_011319,0.0625,0.078125,0.0625,0.0625
B.train.gold.bea19_011673,0.18134786871636324,0.15009786871636324,0.18134786871636324,0.18134786871636324
B.train.gold.bea19_011751,0.12873512949382399,0.11311012949382401,0.09748512949382401,0.09748512949382401
B.train.gold.bea19_011864,0.0625,0.0625,0.0758852493247386,0.0625
B.train.gold.bea19_012050,0.03125,0.03125,0.03125,0.03125
B.train.gold.bea19_012302,0.18134569612798743,0.15508390791905904,0.15508390791905904,0.15508390791905904
B.train.gold.bea19_012343,0.08756502429209406,0.09145421308337834,0.046875,0.0625
B.train.gold.bea19_012511,0.2258957988507542,0.20625,0.20625,0.20625
B.train.gold.bea19_012565,0.03125,0.03125,0.015625,0.02916559315241041
B.train.gold.bea19_012702,0.0739721100996221,0.0739721100996221,0.0739721100996221,0.0739721100996221
B.train.gold.bea19_012802,0.07029536506090953,0.05467036506090952,0.05467036506090952,0.05467036506090952
B.train.gold.bea19_012941,0.0625,0.078125,0.078125,0.0625
B.train.gold.bea19_013015,0.3352186288462483,0.3352186288462483,0.32013842411068594,0.32013842411068594
C.train.gold.bea19_000120,0.09375,0.078125,0.078125,0.078125
C.train.gold.bea19_000466,0.09375,0.09375,0.09375,0.09375
C.train.gold.bea19_000725,0.16595915146717574,0.16595915146717574,0.16595915146717574,0.16595915146717574
C.train.gold.bea19_000765,0.09375,0.09375,0.09375,0.09375
C.train.gold.bea19_000793,0.09375,0.09375,0.09375,0.09375
C.train.gold.bea19_000988,0.03125,0.03125,0.03125,0.03125
C.train.gold.bea19_001049,0.109375,0.109375,0.109375,0.109375
C.train.gold.bea19_001068,0.0625,0.0625,0.0625,0.0625
C.train.gold.bea19_001265,0.03125,0.03125,0.03125,0.03125
C.train.gold.bea19_001864,0.1335641544566089,0.1335641544566089,0.1335641544566089,0.1335641544566089
C.train.gold.bea19_002289,0.08448557196839573,0.08448557196839573,0.08448557196839573,0.08448557196839573
C.train.gold.bea19_002396,0.09375,0.09375,0.09375,0.09375
C.train.gold.bea19_002425,0.29443197013183203,0.29443197013183203,0.29443197013183203,0.29443197013183203
C.train.gold.bea19_002471,0.015625,0.03589294915836482,0.015625,0.015625
C.train.gold.bea19_002560,0.0625,0.0625,0.0625,0.0625
C.train.gold.bea19_002804,0.30345806645538065,0.32038241630333913,0.31908306645538065,0.32038241630333913
C.train.gold.bea19_002814,0.09375,0.09375,0.0625,0.09375
C.train.gold.bea19_003458,0.15625,0.15625,0.140625,0.140625
C.train.gold.bea19_003571,0.078125,0.078125,0.09375,0.078125
C.train.gold.bea19_004207,0.07362774206212888,0.03125,0.03125,0.03125
C.train.gold.bea19_004384,0.03125,0.03125,0.03125,0.03125
C.train.gold.bea19_004681,0.078125,0.07375997175464712,0.046875,0.046875
C.train.gold.bea19_004934,0.11853536871636312,0.11853536871636312,0.10291036871636312,0.11853536871636312
C.train.gold.bea19_005009,0.11250722182317857,0.09375,0.09375,0.09375
C.train.gold.bea19_005016,0.06812998587732355,0.06812998587732355,0.08375498587732355,0.08375498587732355
C.train.gold.bea19_005079,0.03125,0.03125,0.03125,0.03125
C.train.gold.bea19_005241,0.015625,0.015625,0.015625,0.28125
C.train.gold.bea19_005312,0.03125,0.03125,0.03125,0.03125
C.train.gold.bea19_005314,0.375,0.265625,0.265625,0.265625
C.train.gold.bea19_005334,0.0625,0.0625,0.0625,0.0625
C.train.gold.bea19_005540,0.046875,0.046875,0.046875,0.046875
C.train.gold.bea19_005556,0.0625,0.046875,0.046875,0.046875
C.train.gold.bea19_005772,0.09375,0.11843408402258465,0.09375,0.09375
C.train.gold.bea19_005805,0.07422277567846103,0.07422277567846103,0.07422277567846103,0.07422277567846103
C.train.gold.bea19_006163,0.03125,0.03125,0.03125,0.03125
C.train.gold.bea19_006333,0.058134971754647116,0.058134971754647116,0.058134971754647116,0.058134971754647116
C.train.gold.bea19_006611,0.24552805485617243,0.20214752884899395,0.20214752884899395,0.20214752884899395
C.train.gold.bea19_006661,0.15737150665831431,0.140625,0.140625,0.140625
C.train.gold.bea19_006918,0.3033088235294117,0.2725077115276814,0.22388828086863038,0.22388828086863038
C.train.gold.bea19_007099,0.049650565211154345,0.049650565211154345,0.049650565211154345,0.049650565211154345
C.train.gold.bea19_007294,0.05411355327084457,0.05411355327084457,0.03125,0.12281151338927875
C.train.gold.bea19_007935,0.18038342254140088,0.18038342254140088,0.18038342254140088,0.18038342254140088
C.train.gold.bea19_008101,0.1757775095547955,0.1601525095547955,0.1601525095547955,0.1601525095547955
C.train.gold.bea19_008124,0.171875,0.171875,0.171875,0.171875
C.train.gold.bea19_008286,0.0625,0.0625,0.0625,0.0625
C.train.gold.bea19_008387,0.09132683976487653,0.09132683976487653,0.10345993644795602,0.090792468223978
C.train.gold.bea19_008388,0.0625,0.0625,0.0625,0.0625
C.train.gold.bea19_008594,0.046875,0.046875,0.046875,0.046875
C.train.gold.bea19_008782,0.06467463316484269,0.06467463316484269,0.03125,0.03125
C.train.gold.bea19_009054,0.0625,0.0625,0.0625,0.0625
C.train.gold.bea19_009056,0.078125,0.078125,0.078125,0.078125
C.train.gold.bea19_009064,0.11378107590399235,0.08253107590399235,0.11378107590399235,0.08253107590399235
C.train.gold.bea19_009153,0.08424143595154414,0.08424143595154414,0.08424143595154414,0.08424143595154414
C.train.gold.bea19_009240,0.187898752189097,0.15848773649121475,0.0987350821278166,0.046875
C.train.gold.bea19_009347,0.06478062139776324,0.03125,0.03125,0.06478062139776324
C.train.gold.bea19_009416,0.09402119014902424,0.09402119014902424,0.06391908360733507,0.10726196610557656
C.train.gold.bea19_009450,0.03125,0.03125,0.03125,0.03125
C.train.gold.bea19_009458,0.03125,0.03125,0.03125,0.03125
C.train.gold.bea19_009469,0.05709485571968395,0.06546826691858468,0.06546826691858468,0.06546826691858468
C.train.gold.bea19_009627,0.16874999999999998,0.16874999999999998,0.0625,0.16874999999999998
C.train.gold.bea19_009838,0.046875,0.046875,0.03125,0.046875
C.train.gold.bea19_009972,0.046875,0.046875,0.046875,0.046875
C.train.gold.bea19_010198,0.0625,0.0625,0.0625,0.0625
C.train.gold.bea19_010254,0.03125,0.03125,0.03125,0.03125
C.train.gold.bea19_010283,0.0988456143364251,0.0988456143364251,0.0988456143364251,0.0988456143364251
C.train.gold.bea19_010582,0.046875,0.046875,0.03125,0.046875
C.train.gold.bea19_010591,0.09025809668307949,0.09025809668307949,0.09025809668307949,0.09025809668307949
ABC.train.gold.bea19_000386,0.015625,0.015625,0.015625,0.015625
ABC.train.gold.bea19_000568,0.16535828050341964,0.16535828050341964,0.16535828050341964,0.16535828050341964
ABC.train.gold.bea19_000627,0.28168352693370824,0.16267089482830685,0.14704589482830685,0.16267089482830685
ABC.train.gold.bea19_000695,0.0625,0.0625,0.0625,0.0625
ABC.train.gold.bea19_000711,0.09375,0.09375,0.09375,0.09375
ABC.train.gold.bea19_000751,0.26598305320802573,0.1965351020902613,0.1809101020902613,0.1965351020902613
ABC.train.gold.bea19_000834,0.22087580955182104,0.15753986866791744,0.15753986866791744,0.15753986866791744
ABC.train.gold.bea19_001147,0.14598143854091122,0.14598143854091122,0.14598143854091122,0.14598143854091122
ABC.train.gold.bea19_001175,0.09903609719937082,0.09903609719937082,0.09903609719937082,0.09903609719937082
ABC.train.gold.bea19_001304,0.140625,0.11327268253045478,0.11327268253045478,0.11327268253045478
ABC.train.gold.bea19_001370,0.09375,0.09375,0.09375,0.09375
ABC.train.gold.bea19_001575,0.20122888414497825,0.20122888414497825,0.20122888414497825,0.20122888414497825
ABC.train.gold.bea19_001709,0.2498243015000572,0.2429842264971946,0.22121335738005268,0.2498243015000572
ABC.train.gold.bea19_001867,0.078125,0.078125,0.078125,0.078125
ABC.train.gold.bea19_001905,0.14237524112781755,0.14237524112781755,0.14237524112781755,0.14237524112781755
ABC.train.gold.bea19_001944,0.046875,0.046875,0.03125,0.03125
ABC.train.gold.bea19_002048,0.19694283408964786,0.140625,0.0625,0.140625
ABC.train.gold.bea19_002418,0.07375997175464712,0.07375997175464712,0.07375997175464712,0.07375997175464712
ABC.train.gold.bea19_002441,0.03125,0.03125,0.03125,0.03125
ABC.train.gold.bea19_002500,0.1385945800287763,0.13144411938225317,0.13144411938225317,0.13144411938225317
ABC.train.gold.bea19_002639,0.03125,0.03125,0.03125,0.046875
ABC.train.gold.bea19_002679,0.109375,0.109375,0.109375,0.109375
ABC.train.gold.bea19_002793,0.499821400455579,0.499821400455579,0.4488395374789386,0.2214236678671151
ABC.train.gold.bea19_002842,0.046875,0.046875,0.03125,0.046875
ABC.train.gold.bea19_003063,0.046875,0.046875,0.046875,0.046875
ABC.train.gold.bea19_003092,0.25883152173913043,0.21193517062302522,0.1672845596911266,0.11820652173913042
ABC.train.gold.bea19_003133,0.13983787549143092,0.13983787549143092,0.13983787549143092,0.13983787549143092
ABC.train.gold.bea19_003134,0.2972876523739629,0.3129126523739629,0.25871827881553916,0.3129126523739629
ABC.train.gold.bea19_003485,0.16820993111546692,0.09971116151716611,0.06286878372097719,0.08408995039101179
ABC.train.gold.bea19_003589,0.2923904344915166,0.24954479587552417,0.24954479587552417,0.24954479587552417
ABC.train.gold.bea19_003600,0.06584936447956027,0.05022436447956028,0.03125,0.03125
ABC.train.gold.bea19_003628,0.046875,0.03125,0.03125,0.03125
ABC.train.gold.bea19_004184,0.03125,0.03125,0.03125,0.03125
ABC.train.gold.bea19_004331,0.13015900279727144,0.13015900279727144,0.13947710654168918,0.13015900279727144
ABC.train.gold.bea19_004377,0.06376495763197068,0.06376495763197068,0.06376495763197068,0.06376495763197068
ABC.train.gold.bea19_004805,0.0879508759876331,0.0625,0.0625,0.0625
ABC.train.gold.bea19_004832,0.1647727272727273,0.1803977272727273,0.1647727272727273,0.1803977272727273
ABC.train.gold.bea19_004954,0.078125,0.078125,0.078125,0.078125
ABC.train.gold.bea19_005154,0.08656997881598533,0.08656997881598533,0.0625,0.08656997881598533
ABC.train.gold.bea19_005175,0.0983009336506846,0.05568318447268979,0.03125,0.04391746822397803
ABC.train.gold.bea19_005299,0.10371554510387682,0.10371554510387682,0.10371554510387682,0.10371554510387682
ABC.train.gold.bea19_005617,0.0625,0.0625,0.0625,0.0625
ABC.train.gold.bea19_005625,0.25117907649146926,0.18934754556104613,0.08718408402258465,0.08718408402258465
ABC.train.gold.bea19_005813,0.03125,0.03125,0.03125,0.03125
ABC.train.gold.bea19_005832,0.15625000000000003,0.14062500000000003,0.0625,0.14062500000000003
ABC.train.gold.bea19_005948,0.03125,0.03125,0.03125,0.03125
ABC.train.gold.bea19_006072,0.10708740335260061,0.10708740335260061,0.10708740335260061,0.10708740335260061
ABC.train.gold.bea19_006602,0.08510534753234864,0.05940362704683393,0.06948034753234864,0.06948034753234864
ABC.train.gold.bea19_006760,0.19312998587732344,0.17750498587732344,0.09937998587732355,0.17750498587732344
ABC.train.gold.bea19_006772,0.15625,0.15625,0.140625,0.15625
ABC.train.gold.bea19_006844,0.03125,0.03125,0.03125,0.03125
ABC.train.gold.bea19_007197,0.0625,0.0625,0.0625,0.0625
ABC.train.gold.bea19_007784,0.015625,0.015625,0.015625,0.015625
ABC.train.gold.bea19_007813,0.046875,0.046875,0.046875,0.046875
ABC.train.gold.bea19_007881,0.107809458376274,0.092184458376274,0.092184458376274,0.092184458376274
ABC.train.gold.bea19_008007,0.09375,0.09375,0.03125,0.09375
ABC.train.gold.bea19_008503,0.03125,0.03125,0.03125,0.03125
ABC.train.gold.bea19_008504,0.07555930092751631,0.07555930092751631,0.03125,0.07555930092751631
ABC.train.gold.bea19_008728,0.18196879447416217,0.17969763523753723,0.17969763523753723,0.17969763523753723
ABC.train.gold.bea19_008760,0.49627582765196554,0.30036040921833307,0.21507015542570335,0.2620977899919843
ABC.train.gold.bea19_008845,0.260555098885999,0.260555098885999,0.260555098885999,0.260555098885999
ABC.train.gold.bea19_008850,0.2292750273792012,0.16480406872623782,0.16480406872623782,0.16480406872623782
ABC.train.gold.bea19_009106,0.015625,0.015625,0.0,0.2784541268413927
ABC.train.gold.bea19_009147,0.3497672171319636,0.2940413254616875,0.27121800927516315,0.28684300927516315
ABC.train.gold.bea19_009201,0.0625,0.0625,0.0625,0.0625
ABC.train.gold.bea19_009332,0.2732119387508429,0.17943413075562673,0.11395794027943634,0.17943413075562673
ABC.train.gold.bea19_009337,0.034025565211154345,0.039045365060909554,0.03125,0.039045365060909554
ABC.train.gold.bea19_009397,0.015625,0.015625,0.015625,0.015625
ABC.train.gold.bea19_009440,0.046875,0.046875,0.03125,0.03125
ABC.train.gold.bea19_009645,0.0625,0.0625,0.0625,0.0625
ABC.train.gold.bea19_009649,0.08153161857322799,0.08153161857322799,0.08153161857322799,0.08153161857322799
ABC.train.gold.bea19_009770,0.4870860529027825,0.3750920359555708,0.33871149351037294,0.33871149351037294
ABC.train.gold.bea19_009790,0.25741854624006827,0.20400549812446672,0.20400549812446672,0.22616854624006827
ABC.train.gold.bea19_009888,0.03125,0.03125,0.03125,0.03125
ABC.train.gold.bea19_010050,0.24451772662890714,0.22539825263608562,0.18751610271384406,0.22539825263608562
ABC.train.gold.bea19_010114,0.09375,0.078125,0.078125,0.078125
ABC.train.gold.bea19_010269,0.1469185461423953,0.1469185461423953,0.14897839817294675,0.14897839817294675
ABC.train.gold.bea19_010712,0.03125,0.03125,0.03125,0.03125
ABC.train.gold.bea19_010902,0.046875,0.03125,0.03125,0.03125
ABC.train.gold.bea19_011281,0.05022436447956028,0.06886057196839573,0.06886057196839573,0.05022436447956028
ABC.train.gold.bea19_011524,0.03125,0.03125,0.03125,0.03125
ABC.train.gold.bea19_011677,0.18954419714693807,0.18011193049754812,0.18011193049754812,0.18011193049754812
ABC.train.gold.bea19_011876,0.11059484834605068,0.09043723259735799,0.09043723259735799,0.10170571656100684
ABC.train.gold.bea19_011887,0.12139423076923074,0.09014423076923074,0.12139423076923074,0.10576923076923074
ABC.train.gold.bea19_011980,0.2013074807244551,0.2013074807244551,0.2013074807244551,0.2013074807244551
ABC.train.gold.bea19_012521,0.03125,0.03125,0.03125,0.03125
ABC.train.gold.bea19_012827,0.03125,0.03125,0.03125,0.03125
ABC.train.gold.bea19_013361,0.09375,0.078125,0.14062500000000003,0.14062500000000003
ABC.train.gold.bea19_013385,0.12192284806399385,0.12192284806399385,0.12192284806399385,0.12192284806399385
ABC.train.gold.bea19_013402,0.1991843179149948,0.1835593179149948,0.1679343179149948,0.1835593179149948
ABC.train.gold.bea19_013428,0.09375,0.09375,0.09375,0.09375
ABC.train.gold.bea19_013583,0.08030325801817557,0.06467825801817557,0.06467825801817557,0.06467825801817557
ABC.train.gold.bea19_013615,0.16424480294634544,0.10936797081534812,0.10936797081534812,0.10936797081534812
ABC.train.gold.bea19_013674,0.06584936447956029,0.06584936447956029,0.06584936447956029,0.06584936447956029
ABC.train.gold.bea19_013784,0.0625,0.06700481313274188,0.0625,0.0625
ABC.train.gold.bea19_013956,0.1211156675827322,0.1211156675827322,0.1211156675827322,0.1211156675827322
ABC.train.gold.bea19_014296,0.10982587598763313,0.10982587598763313,0.1165818590404214,0.14373158510160397
ABC.train.gold.bea19_014533,0.03125,0.03125,0.03125,0.03125
ABC.train.gold.bea19_014542,0.0625,0.0625,0.0625,0.0625
ABC.train.gold.bea19_014571,0.10822710654168914,0.10822710654168914,0.10822710654168914,0.10822710654168914
ABC.train.gold.bea19_014629,0.1831981355985135,0.0625,0.0625,0.0625
ABC.train.gold.bea19_014836,0.06007683976487656,0.06007683976487656,0.03125,0.06007683976487656
ABC.train.gold.bea19_015156,0.1755514705882353,0.12301701569211222,0.12301701569211222,0.12301701569211222
ABC.train.gold.bea19_015243,0.06135210654168917,0.06135210654168917,0.06135210654168917,0.06135210654168917
ABC.train.gold.bea19_015931,0.015625,0.0,0.015625,0.015625
ABC.train.gold.bea19_016006,0.19119509112209213,0.15625,0.171875,0.15625
ABC.train.gold.bea19_016020,0.0625,0.046875,0.046875,0.046875
ABC.train.gold.bea19_016078,0.09414338852130105,0.09414338852130105,0.09414338852130105,0.09414338852130105
ABC.train.gold.bea19_016124,0.09375,0.09375,0.09375,0.09375
ABC.train.gold.bea19_016231,0.17812499999999998,0.16249999999999998,0.109375,0.109375
ABC.train.gold.bea19_016340,0.21875,0.21875,0.21875,0.21875
ABC.train.gold.bea19_016409,0.09375,0.09375,0.09375,0.09375
ABC.train.gold.bea19_016481,0.03125,0.03125,0.03125,0.03125
ABC.train.gold.bea19_016487,0.23014374806947854,0.14195455191695364,0.12632955191695366,0.14195455191695364
ABC.train.gold.bea19_016551,0.31833824151406087,0.2540760869565217,0.2540760869565217,0.2540760869565217
ABC.train.gold.bea19_016692,0.05273833968333279,0.06508163913265257,0.05273833968333279,0.05273833968333279
ABC.train.gold.bea19_017005,0.19634681103675397,0.1586628510902815,0.140625,0.1586628510902815
ABC.train.gold.bea19_017128,0.13344497881598535,0.13344497881598535,0.13344497881598535,0.13344497881598535
ABC.train.gold.bea19_017154,0.11533616151716614,0.09971116151716614,0.09971116151716614,0.11533616151716614
ABC.train.gold.bea19_017217,0.08536355327084456,0.0384885532708446,0.03125,0.0384885532708446
ABC.train.gold.bea19_017256,0.05151794915836482,0.05151794915836482,0.05151794915836482,0.05151794915836482
ABC.train.gold.bea19_017335,0.03125,0.03125,0.03125,0.03125
ABC.train.gold.bea19_017364,0.5836810326730029,0.41166849067377237,0.3817879466979862,0.418067360988608
ABC.train.gold.bea19_017625,0.046875,0.046875,0.03125,0.046875
ABC.train.gold.bea19_017690,0.0625,0.0625,0.0625,0.0625
ABC.train.gold.bea19_017727,0.03125,0.03125,0.03125,0.03125
ABC.train.gold.bea19_017915,0.125,0.14861858533942873,0.13299358533942873,0.14861858533942873
ABC.train.gold.bea19_017922,0.23696855932342023,0.11032701196090076,0.1365221307519917,0.1365221307519917
ABC.train.gold.bea19_018302,0.12435594256596481,0.12435594256596481,0.0625,0.0625
ABC.train.gold.bea19_018342,0.07455121992115295,0.07455121992115295,0.07455121992115295,0.07455121992115295
ABC.train.gold.bea19_018478,0.1746879230909128,0.1746879230909128,0.1746879230909128,0.1746879230909128
ABC.train.gold.bea19_018492,0.078125,0.078125,0.078125,0.078125
ABC.train.gold.bea19_018632,0.0642176228100309,0.0642176228100309,0.0642176228100309,0.0642176228100309
ABC.train.gold.bea19_018966,0.08196388698041918,0.06633888698041918,0.06633888698041918,0.06633888698041918
ABC.train.gold.bea19_018983,0.11793694075019222,0.03125,0.03125,0.05417843600061909
ABC.train.gold.bea19_019206,0.0625,0.0625,0.03125,0.0625
ABC.train.gold.bea19_019255,0.2223692766354223,0.17588093010351372,0.15625,0.17588093010351372
ABC.train.gold.bea19_019299,0.078125,0.078125,0.078125,0.078125
ABC.train.gold.bea19_019453,0.24131690549802873,0.21464713075199157,0.18339713075199157,0.21464713075199157
ABC.train.gold.bea19_019500,0.14786158399956284,0.16348658399956284,0.16348658399956284,0.16348658399956284
ABC.train.gold.bea19_019666,0.16056232960816275,0.08456532417998744,0.0625,0.10019032417998744
ABC.train.gold.bea19_019756,0.078125,0.078125,0.078125,0.078125
ABC.train.gold.bea19_019829,0.190625,0.190625,0.04690362704683385,0.04690362704683385
ABC.train.gold.bea19_019856,0.0625,0.0625,0.0625,0.0625
ABC.train.gold.bea19_020042,0.03125,0.03125,0.03125,0.03125
ABC.train.gold.bea19_020321,0.203125,0.140625,0.140625,0.140625
ABC.train.gold.bea19_020450,0.0625,0.046875,0.046875,0.0625
ABC.train.gold.bea19_020489,0.137127643912254,0.07863619726489013,0.07863619726489013,0.07863619726489013
ABC.train.gold.bea19_020558,0.07697710654168914,0.046875,0.046875,0.046875
ABC.train.gold.bea19_020563,0.03125,0.03125,0.03125,0.03125
ABC.train.gold.bea19_020569,0.0625,0.0625,0.0625,0.0625
ABC.train.gold.bea19_020742,0.03125,0.03125,0.03125,0.03125
ABC.train.gold.bea19_020796,0.015625,0.015625,0.015625,0.015625
ABC.train.gold.bea19_020877,0.078125,0.0625,0.0625,0.0625
ABC.train.gold.bea19_020964,0.0625,0.0625,0.0625,0.0625
ABC.train.gold.bea19_020998,0.109375,0.09375,0.09375,0.09375
ABC.train.gold.bea19_021062,0.17218524562006185,0.17218524562006185,0.08289481902501482,0.17218524562006185
ABC.train.gold.bea19_021133,0.11494392952461484,0.16551167543094727,0.078125,0.09915773723013505
ABC.train.gold.bea19_021177,0.046875,0.046875,0.046875,0.046875
ABC.train.gold.bea19_021213,0.171875,0.109375,0.125,0.109375
ABC.train.gold.bea19_021385,0.14566532258064513,0.14566532258064513,0.09375,0.09375
ABC.train.gold.bea19_021424,0.303218524959604,0.182510753034467,0.182510753034467,0.182510753034467
ABC.train.gold.bea19_021857,0.28627982718072026,0.26089316686405306,0.125,0.26089316686405306
ABC.train.gold.bea19_022443,0.046875,0.046875,0.046875,0.046875
ABC.train.gold.bea19_022650,0.16354103619003993,0.078125,0.078125,0.078125
ABC.train.gold.bea19_022708,0.19513036983131127,0.17950536983131127,0.109375,0.17950536983131127
ABC.train.gold.bea19_022806,0.22342629184474552,0.22342629184474552,0.19217629184474552,0.22342629184474552
ABC.train.gold.bea19_022909,0.11112124985686476,0.07987124985686476,0.06298926225497849,0.07987124985686476
ABC.train.gold.bea19_022993,0.03125,0.03125,0.03125,0.03125
ABC.train.gold.bea19_023071,0.09375,0.3616556213977633,0.11534373926485744,0.11534373926485744
ABC.train.gold.bea19_023135,0.2642614742408629,0.2642614742408629,0.25324282632230943,0.2642614742408629
ABC.train.gold.bea19_023142,0.03125,0.03125,0.03125,0.03125
ABC.train.gold.bea19_023189,0.06928461009962211,0.06928461009962211,0.06928461009962211,0.06928461009962211
ABC.train.gold.bea19_023212,0.15399575537875748,0.10567611190817792,0.15399575537875748,0.13837075537875748
ABC.train.gold.bea19_023231,0.03125,0.03125,0.03125,0.03125
ABC.train.gold.bea19_023266,0.13410787386923168,0.13410787386923168,0.046875,0.13410787386923168
ABC.train.gold.bea19_023285,0.19013361051782593,0.19013361051782593,0.19013361051782593,0.17450861051782593
ABC.train.gold.bea19_023441,0.03125,0.03125,0.03125,0.03125
ABC.train.gold.bea19_023444,0.09375,0.09375,0.09375,0.09375
ABC.train.gold.bea19_023464,0.1730071446502655,0.1491397572426428,0.1491397572426428,0.1491397572426428
ABC.train.gold.bea19_023564,0.015625,0.015625,0.015625,0.015625
ABC.train.gold.bea19_023853,0.046875,0.03125,0.03125,0.046875
ABC.train.gold.bea19_024085,0.14110318999955682,0.10908698100465312,0.11644811705599452,0.14110318999955682
ABC.train.gold.bea19_024168,0.03125,0.03125,0.03125,0.03125
ABC.train.gold.bea19_024463,0.3129881933879702,0.21875000000000008,0.21875000000000008,0.21875000000000008
ABC.train.gold.bea19_024519,0.06529243829570178,0.046875,0.046875,0.046875
ABC.train.gold.bea19_024736,0.08078070911397085,0.08078070911397085,0.08078070911397085,0.08078070911397085
ABC.train.gold.bea19_024818,0.09875973319592347,0.09875973319592347,0.09875973319592347,0.09875973319592347
ABC.train.gold.bea19_024892,0.0625,0.0625,0.0625,0.0625
ABC.train.gold.bea19_024905,0.03125,0.03125,0.03125,0.03125
ABC.train.gold.bea19_024934,0.03125,0.03125,0.03125,0.03125
ABC.train.gold.bea19_024971,0.15320655955746992,0.15320655955746992,0.15320655955746992,0.15320655955746992
ABC.train.gold.bea19_024980,0.06672248940799268,0.06672248940799268,0.0625,0.0625
ABC.train.gold.bea19_024988,0.0625,0.0625,0.0625,0.0625
ABC.train.gold.bea19_025056,0.08375498587732355,0.03125,0.046875,0.046875
ABC.train.gold.bea19_025401,0.06880203988156582,0.06880203988156582,0.06880203988156582,0.06880203988156582
ABC.train.gold.bea19_025667,0.015625,0.015625,0.015625,0.015625
ABC.train.gold.bea19_025824,0.03125,0.03125,0.03125,0.03125
ABC.train.gold.bea19_025859,0.018974364479560295,0.018974364479560295,0.018974364479560295,0.018974364479560295
ABC.train.gold.bea19_025921,0.09375,0.09375,0.09375,0.09375
ABC.train.gold.bea19_026077,0.07263397457918241,0.03125,0.03125,0.07263397457918241
ABC.train.gold.bea19_026401,0.03125,0.03125,0.03125,0.03125
ABC.train.gold.bea19_026898,0.03125,0.03125,0.03125,0.03125
ABC.train.gold.bea19_026940,0.09166559315241041,0.09166559315241041,0.07516746822397803,0.09166559315241041
ABC.train.gold.bea19_027223,0.09375,0.09375,0.09375,0.09375
ABC.train.gold.bea19_027361,0.29498822201501684,0.1818400256458854,0.2015872107077879,0.2015872107077879
ABC.train.gold.bea19_027588,0.13009561433642505,0.125,0.125,0.125
ABC.train.gold.bea19_027711,0.046875,0.046875,0.046875,0.046875
ABC.train.gold.bea19_027792,0.12681136537800922,0.1111863653780092,0.1111863653780092,0.1111863653780092
ABC.train.gold.bea19_027834,0.046875,0.046875,0.046875,0.046875
ABC.train.gold.bea19_027917,0.11404836539562578,0.11404836539562578,0.11404836539562578,0.11404836539562578
ABC.train.gold.bea19_028122,0.12076594677177319,0.12076594677177319,0.12076594677177319,0.12076594677177319
ABC.train.gold.bea19_028300,0.046875,0.046875,0.046875,0.046875
ABC.train.gold.bea19_028472,0.18028846153846162,0.078125,0.0625,0.078125
ABC.train.gold.bea19_028777,0.03125,0.03125,0.03125,0.03125
ABC.train.gold.bea19_028875,0.11663545696234671,0.05209741348408588,0.05209741348408588,0.03125
ABC.train.gold.bea19_029009,0.03125,0.03125,0.03125,0.03125
ABC.train.gold.bea19_029158,0.24881698728959126,0.19373830434468176,0.19373830434468176,0.19373830434468176
ABC.train.gold.bea19_029328,0.08150137183821805,0.08150137183821805,0.0625,0.08150137183821805
ABC.train.gold.bea19_029575,0.07830603354048908,0.048816868010229414,0.03125,0.048816868010229414
ABC.train.gold.bea19_029585,0.09432694509772836,0.09432694509772836,0.09432694509772836,0.09432694509772836
ABC.train.gold.bea19_029616,0.03125,0.03125,0.03125,0.03125
ABC.train.gold.bea19_029651,0.15625000000000003,0.15625000000000003,0.15625000000000003,0.15625000000000003
ABC.train.gold.bea19_029716,0.18562500000000004,0.17000000000000004,0.109375,0.17000000000000004
ABC.train.gold.bea19_029818,0.20570002754119332,0.15625,0.15625,0.15625
ABC.train.gold.bea19_029912,0.26760919173578046,0.26760919173578046,0.26760919173578046,0.26760919173578046
ABC.train.gold.bea19_029938,0.19517587620034182,0.19517587620034182,0.19517587620034182,0.19517587620034182
ABC.train.gold.bea19_030059,0.08295070218056307,0.0625,0.046875,0.06732570218056307
ABC.train.gold.bea19_030375,0.03125,0.03125,0.03125,0.03125
ABC.train.gold.bea19_030708,0.2121697806688745,0.2121697806688745,0.2121697806688745,0.2121697806688745
ABC.train.gold.bea19_030958,0.06431391378574473,0.04868891378574474,0.046875,0.04868891378574474
ABC.train.gold.bea19_030975,0.0625,0.0625,0.262434873468453,0.125
ABC.train.gold.bea19_031224,0.08212709367810703,0.08212709367810703,0.08212709367810703,0.08212709367810703
ABC.train.gold.bea19_031496,0.13510097980277647,0.13510097980277647,0.13510097980277647,0.13510097980277647
ABC.train.gold.bea19_031750,0.046875,0.046875,0.03125,0.046875
ABC.train.gold.bea19_031780,0.1320768704663471,0.078125,0.08520187046634708,0.08520187046634708
ABC.train.gold.bea19_031875,0.12412646843737968,0.0625,0.078125,0.0625
ABC.train.gold.bea19_032011,0.24977674879448333,0.24977674879448333,0.24977674879448333,0.24977674879448333
ABC.train.gold.bea19_032190,0.055319978815985354,0.055319978815985354,0.03125,0.03125
ABC.train.gold.bea19_032404,0.03125,0.03125,0.03125,0.03125
ABC.train.gold.bea19_032491,0.0625,0.0625,0.0625,0.0625
ABC.train.gold.bea19_032589,0.11378107590399235,0.11378107590399235,0.11378107590399235,0.09815607590399235
ABC.train.gold.bea19_032784,0.07911876748294644,0.0625,0.0625,0.07911876748294644
ABC.train.gold.bea19_032944,0.10301156532692089,0.10301156532692089,0.046875,0.10301156532692089
ABC.train.gold.bea19_033058,0.09652556521115435,0.09652556521115435,0.0625,0.0625
ABC.train.gold.bea19_033068,0.18809232103796023,0.0625,0.0625,0.0625
ABC.train.gold.bea19_033413,0.1611970464695043,0.1611970464695043,0.1611970464695043,0.1611970464695043
ABC.train.gold.bea19_033553,0.15902097240662177,0.11981118840027428,0.11981118840027428,0.11981118840027428
ABC.train.gold.bea19_033780,0.2244488271089954,0.2088238271089954,0.046875,0.046875
ABC.train.gold.bea19_034216,0.16639141384464248,0.16639141384464248,0.09375,0.16639141384464248
ABC.train.gold.bea19_034301,0.125,0.125,0.125,0.125
